index,label,pred_pean,pred_swinir,psnr_pean,ssim_pean,psnr_swinir,ssim_swinir,l1_pean,l2_pean,l1_swinir,l2_swinir,psnr_delta(pean-swinir),ssim_delta(pean-swinir)
0,QU04029757,0d4029757,0101102973,25.6473,0.834005,23.2883,0.667275,0.041318,0.052196,0.052924,0.068483,2.3590,0.166730
1,QU04029757,qu04029757,0001d2973,26.6487,0.897228,22.4522,0.689030,0.035738,0.046512,0.059685,0.075403,4.1965,0.208198
2,(Camille,icanille,can,27.5722,0.758845,24.3377,0.513518,0.031096,0.041821,0.050213,0.060690,3.2345,0.245326
3,Moses,moses,moses,26.7445,0.881005,21.9043,0.618671,0.034642,0.046002,0.065090,0.080313,4.8403,0.262335
4,Impressionist,impressionist,implession,27.2385,0.895382,22.2139,0.649805,0.032636,0.043459,0.062339,0.077500,5.0246,0.245577
5,18301903,18301903,133d2993,26.5432,0.895435,21.8453,0.661754,0.036038,0.047080,0.064992,0.080861,4.6979,0.233680
