index,label,pred_pean,pred_swinir,psnr_pean,ssim_pean,psnr_swinir,ssim_swinir,l1_pean,l2_pean,l1_swinir,l2_swinir,psnr_delta(pean-swinir),ssim_delta(pean-swinir)
0,QU04029757,qud4029757,0101102973,25.7471,0.835818,23.2883,0.667275,0.040743,0.051599,0.052924,0.068483,2.4588,0.168542
1,QU04029757,0001029757,0001d2973,26.5832,0.896360,22.4522,0.689030,0.035977,0.046864,0.059685,0.075403,4.1309,0.207330
2,(Camille,icanille,can,27.3843,0.747103,24.3377,0.513518,0.031723,0.042735,0.050213,0.060690,3.0467,0.233585
3,Moses,moses,moses,26.7176,0.880856,21.9043,0.618671,0.034733,0.046144,0.065090,0.080313,4.8134,0.262185
4,Impressionist,impressionist,implession,27.2191,0.892147,22.2139,0.649805,0.032477,0.043556,0.062339,0.077500,5.0052,0.242342
5,18301903,18309903,133d2993,26.6504,0.898537,21.8453,0.661754,0.035583,0.046503,0.064992,0.080861,4.8051,0.236782
