index,label,pred_pean,pred_swinir,psnr_pean,ssim_pean,psnr_swinir,ssim_swinir,l1_pean,l2_pean,l1_swinir,l2_swinir,psnr_delta(pean-swinir),ssim_delta(pean-swinir)
0,QU04029757,qud4029757,0101102973,25.7218,0.834053,23.2883,0.667275,0.040828,0.051750,0.052924,0.068483,2.4335,0.166778
1,QU04029757,0001029757,0001d2973,26.6178,0.896812,22.4522,0.689030,0.035835,0.046678,0.059685,0.075403,4.1656,0.207782
2,(Camille,icanille,can,27.2677,0.735429,24.3377,0.513518,0.031757,0.043313,0.050213,0.060690,2.9300,0.221911
3,Moses,moses,moses,26.5624,0.879690,21.9043,0.618671,0.035380,0.046977,0.065090,0.080313,4.6581,0.261020
4,Impressionist,impressionist,implession,27.1420,0.891907,22.2139,0.649805,0.032982,0.043944,0.062339,0.077500,4.9280,0.242102
5,18301903,18301903,133d2993,26.6342,0.898582,21.8453,0.661754,0.035680,0.046590,0.064992,0.080861,4.7889,0.236827
